NodeType,NodeCount,AvgInDegree,AvgOutDegree,AvgTotalDegree
Shipper,3,0.0,276.6666666666667,276.6666666666667
Employee,9,0.8888888888888891,98.55555555555556,99.44444444444443
Product,77,29.74025974025975,1.7532467532467535,31.493506493506484
Region,4,13.25,0.0,13.25
Category,8,9.625,0.0,9.625
Customer,91,0.0,9.120879120879122,9.120879120879122
Order,830,3.0,2.5963855421686737,5.596385542168681
Supplier,29,0.0,2.6551724137931036,2.6551724137931036
Territory,53,0.9245283018867924,1.0,1.9245283018867922